Schoolid,School Name,r1617,r1718,r1819,KG2.1,E2.1,M2.1,H2.1,KG2.2,E2.2,M2.2,H2.2,KG2.3,E2.3,M2.3,H2.3,KG3.1,E3.1,M3.1,H3.1,KG3.2,E3.2,M3.2,H3.2,KG4.1,E4.1,M4.1,H4.1,KG4.2,E4.2,M4.2,H4.2,KG5.1,E5.1,M5.1,H5.1,KG5.2,E5.2,M5.2,H5.2,P6.1,P6.2,P6.3,P6.4,P6.5
1,Al Adab Iranian Private School for Boys,2,2,2,4,4,4,5,4,4,4,4,3,3,3,3,3,2,3,3,3,2,2,2,3,3,3,3,3,2,2,2,3,3,3,3,4,3,3,3,2,2,3,3,2
2,Al Adab Iranian Private School for Girls,2,2,2,,,,,,,,,,,,,,,,,,,,,,,,,,,,,,,,,,,,,,,,,
4,Al Arqm Private School,2,2,2,3,3,2,2,3,3,3,3,2,2,2,2,2,2,2,2,2,2,2,2,2,2,2,2,2,2,2,2,2,2,2,2,2,2,2,2,2,2,2,1,2
5,Al Basateen Private Nursery,2,3,3,4,0,0,0,5,0,0,0,3,0,0,0,3,0,0,0,3,0,0,0,3,0,0,0,3,0,0,0,4,0,0,0,3,0,0,0,3,3,4,3,4
6,Al Basateen Private Nursery Hatta branch,3,3,3,4,,,,5,,,,3,,,,3,,,,2,,,,3,,,,2,,,,3,,,,2,,,,3,2,4,2,3
7,Al Diyafah High School,3,3,3,4,4,4,5,4,4,4,5,4,4,4,5,3,3,3,4,3,3,3,4,3,4,4,4,3,4,4,4,5,5,5,5,4,4,4,4,4,3,5,4,3
8,Al Eman Educational Est ,2,2,2,3,3,3,3,3,3,3,3,2,2,2,2,2,2,2,2,2,1,1,1,2,2,2,2,2,2,2,2,3,3,3,3,2,2,2,2,2,1,3,1,2
9,Al Ittihad Private school,2,2,3,4,3,3,4,5,5,5,5,4,4,4,4,3,3,3,3,3,3,3,3,3,3,3,3,3,2,2,2,5,4,4,4,4,3,3,3,2,3,3,2,3
10,Al Ittihad Private School (BR),3,3,3,5,5,4,4,5,5,5,5,5,5,5,5,4,3,3,4,4,4,4,4,5,4,4,4,4,4,4,4,5,5,5,5,4,4,4,4,5,3,4,3,4
11,Al Khaleej National School,2,3,3,4,4,4,4,5,5,5,5,4,4,4,4,3,3,3,3,3,3,3,3,3,3,3,3,3,3,3,3,4,4,4,4,4,3,3,3,3,3,3,3,2
12,Al Maaref Private School (LLC),1,2,2,3,3,3,3,3,3,3,3,2,3,3,3,2,2,2,2,2,2,2,2,2,2,2,2,2,2,2,2,3,3,3,3,3,3,3,3,2,3,3,2,2
13,Al Mawakeb School - Al Garhoud,3,3,3,4,5,5,5,4,4,4,4,4,4,5,5,3,3,3,3,2,2,3,3,3,3,3,3,3,3,3,3,4,4,4,4,3,3,3,3,3,3,3,3,3
14,Al Mawakeb School - Br,3,3,3,4,4,5,5,4,4,4,5,4,4,5,5,3,3,3,4,3,3,3,3,3,3,3,3,3,3,3,3,4,4,4,4,3,3,3,3,3,3,3,3,3
15,Al Mizhar American Academy School,3,3,3,4,4,4,4,4,4,4,4,4,3,3,4,3,3,3,3,4,3,3,3,3,3,3,3,3,3,3,3,5,5,5,5,3,3,3,3,3,3,5,2,4
16,Al Nibras International private School,2,2,2,4,3,3,3,4,3,3,3,3,3,3,3,3,3,2,3,3,3,3,3,3,3,3,3,3,2,2,2,4,4,4,4,3,3,3,3,3,3,3,3,3
17,Al Rashid Al Saleh Private School,3,3,3,5,5,5,5,5,5,5,5,5,5,5,5,3,3,3,4,3,3,3,3,4,3,3,3,3,3,3,3,5,5,5,5,4,4,4,4,3,3,4,3,3
18,Al Sadiq Islamic English School,2,2,2,3,3,3,4,3,3,3,3,3,2,2,2,2,2,2,2,2,2,2,2,3,2,2,2,2,2,2,2,3,2,2,2,3,2,2,2,2,2,3,2,2
20,Al Salam Private School,3,3,3,4,4,4,5,5,5,5,5,4,4,4,5,3,3,3,3,3,3,3,4,3,4,4,4,4,4,4,4,5,5,5,5,4,4,4,4,4,3,4,3,3
21,Al Shurooq Private School,2,2,2,3,3,3,4,4,3,3,4,3,3,3,4,2,2,2,2,2,2,2,2,2,2,2,2,2,2,2,2,2,2,2,2,3,3,3,3,2,2,3,1,2
22,Ambassador Kindergarten LLC,3,4,4,5,,,,5,,,,4,,,,4,,,,4,,,,5,,,,4,,,,5,,,,4,,,,4,4,5,4,4
23,Ambassador School L.L.C,3,3,3,,4,4,5,,4,4,4,,4,4,4,,4,3,4,,4,4,4,,4,4,4,,4,4,4,,5,5,5,,4,4,4,4,3,4,4,3
24,American International School,2,2,2,3,3,3,4,4,4,4,4,3,4,4,5,3,2,3,3,2,2,2,2,3,2,3,3,3,2,2,3,3,3,3,3,2,2,2,2,2,2,3,2,2
25,American School of Creative Science,,,2,3,3,3,,4,4,4,,3,3,3,,2,2,2,,2,2,2,,2,2,2,,,,,,,,,,,,,,,,,,
26,American School of Dubai,3,3,3,5,5,5,5,4,3,3,3,5,5,5,5,5,5,5,5,5,4,4,4,5,2,1,1,5,3,3,3,5,5,5,5,5,5,5,5,2,3,5,2,5
27,AMLED SCHOOL,,2,3,4,4,4,,3,3,3,,3,3,3,,3,3,3,,3,3,3,,3,3,3,,3,3,3,,3,3,3,,3,3,3,,3,3,4,3,3
28,Apple International School,3,3,3,4,4,4,5,4,4,4,4,4,4,4,4,3,3,3,3,4,4,4,4,4,3,3,2,4,3,3,3,4,4,4,4,4,4,4,4,3,4,4,4,3
29,Arab Unity School,2,2,2,3,3,3,3,3,3,3,3,3,3,3,3,2,2,2,2,2,2,2,2,2,3,3,3,3,3,2,2,2,3,3,3,3,3,3,3,2,2,2,2,2
30,Bilva Indian School,1,2,3,3,3,3,0,3,3,3,0,2,2,2,0,3,3,3,0,3,3,3,0,3,3,3,0,3,3,3,0,5,5,5,0,3,3,3,0,3,3,3,3,3
32,Buds Public School,2,2,2,3,3,4,4,2,3,3,3,2,2,3,3,2,2,2,2,3,2,2,1,2,2,2,2,2,2,2,2,3,3,3,3,3,2,2,3,2,2,3,2,2
33,Cambridge International School,3,3,3,5,4,4,4,5,4,4,5,5,5,5,5,4,3,3,3,4,3,3,3,4,4,4,5,4,4,4,5,4,4,4,4,4,4,4,4,4,3,5,3,3
34,CAPITAL SCHOOL.,2,2,2,4,3,3,3,3,3,3,3,3,3,3,3,3,2,2,2,3,2,2,2,3,3,3,3,3,3,3,3,3,3,3,3,3,3,3,3,3,2,3,2,3
35,Clarion School L.L.C,,,3,,,,,,,,,,,,,,,,,,,,,,,,,,,,,,,,,,,,,,,,,
36,Collegiate American School,3,3,3,4,4,4,4,4,4,4,4,4,4,4,4,4,3,3,3,4,4,3,3,4,4,4,4,4,3,3,4,5,5,5,5,4,4,4,4,4,3,4,5,4
37,CREDENCE HIGH SCHOOL,2,3,3,4,4,4,4,4,4,4,4,3,3,3,4,3,3,3,3,3,3,3,3,4,3,3,3,3,3,3,3,5,5,5,5,3,3,3,3,3,3,4,3,4
38,Crescent English School,1,1,2,4,4,4,4,3,4,3,3,3,3,3,4,2,2,2,2,2,2,2,2,2,2,2,2,2,2,2,2,3,3,3,3,3,3,3,3,2,2,3,2,2
39,Dar Al Marefa School,3,3,3,4,4,4,4,5,4,4,4,3,3,3,3,3,3,3,3,3,3,3,3,3,3,3,3,3,3,3,3,4,4,4,4,4,3,3,4,3,3,5,3,3
40,Deira International School,4,4,4,5,5,5,5,5,5,5,5,5,5,5,5,5,4,4,4,5,5,5,5,5,5,5,5,5,5,5,5,5,5,5,5,5,5,5,5,5,4,5,5,5
41,Deira private school,2,2,2,3,3,,,2,3,,,3,3,,,2,2,,,2,2,,,3,3,,,2,2,,,4,4,,,3,3,,,2,2,3,2,2
42,Delhi Private School,4,4,4,5,5,5,5,5,5,5,5,5,5,5,5,4,4,4,5,4,3,3,4,4,5,5,5,4,4,4,5,5,5,5,5,4,4,4,5,5,4,5,5,4
43,Dovecote Green Primary School,,2,3,,,,,,,,,,,,,,,,,,,,,,,,,,,,,,,,,,,,,,,,,
44,Dubai Arabian American Private School,1,1,2,3,3,2,3,3,3,3,3,3,2,2,2,3,2,2,2,2,2,2,2,2,2,2,2,2,2,1,2,3,3,3,3,2,2,2,2,2,2,2,2,2
45,Dubai British School,4,5,5,5,5,5,5,4,5,5,4,5,5,5,5,5,5,5,5,5,5,5,5,5,5,5,5,5,5,5,5,5,5,5,5,5,5,5,5,5,5,5,5,5
46,Dubai British School Jumeirah Park,,3,3,,,,,,,,,,,,,,,,,,,,,,,,,,,,,,,,,,,,,,,,,
47,Dubai Carmel School,2,2,2,3,3,3,3,5,4,4,4,4,4,4,4,3,2,2,2,3,2,2,2,3,2,2,2,3,2,2,2,3,3,3,3,3,3,3,3,2,2,3,2,2
48,Dubai College,5,5,5,0,0,0,5,0,0,0,5,0,0,0,5,0,0,0,5,0,0,0,4,0,0,0,5,0,0,0,5,0,0,0,5,0,0,0,5,5,4,5,4,5
49,Dubai English Speaking private college -branch,5,5,5,0,0,0,5,0,0,0,4,0,0,0,5,0,0,0,5,0,0,0,5,0,0,0,5,0,0,0,5,0,0,0,5,0,0,0,5,5,5,5,5,5
50,Dubai English Speaking School,4,4,5,5,5,,,5,5,,,5,5,,,5,5,,,5,5,,,5,5,,,5,5,,,5,5,,,5,5,,,5,5,5,5,5
51,Dubai Gem Private School,3,3,3,5,5,5,5,4,4,4,4,3,4,4,5,3,3,3,3,3,3,3,3,3,3,3,4,3,3,3,3,3,3,3,3,3,3,3,3,3,2,4,3,3
53,Dubai International private School,2,2,2,4,3,3,3,5,4,4,4,4,4,4,4,3,3,2,2,3,3,3,2,3,2,2,2,3,2,2,2,3,3,3,3,3,3,3,3,2,2,3,2,2
54,Dubai International private School - BR,3,3,3,4,3,3,3,5,4,4,4,4,3,3,3,3,2,3,2,3,2,2,2,3,3,3,3,3,3,3,3,3,3,3,3,4,3,3,3,3,2,3,1,3
55,Dubai Modern Education School,2,2,2,3,3,3,3,3,3,4,4,3,2,2,2,2,2,2,2,2,2,2,2,2,2,1,1,2,2,1,1,4,4,4,4,2,2,2,2,2,2,3,2,3
55001,Dubai Modern Education School,2,2,2,3,4,3,4,3,3,3,4,3,2,2,3,2,2,2,3,2,2,2,2,2,3,2,3,2,2,2,2,4,4,4,4,2,2,2,2,2,2,3,2,3
56,Dubai National School,3,3,3,4,4,4,5,5,5,5,5,5,5,5,5,3,3,3,4,3,3,3,3,4,3,3,4,4,3,3,4,4,4,4,4,4,3,3,3,3,3,4,3,3
57,Dubai National School ( Branch),3,3,3,4,4,4,4,5,5,5,5,4,4,4,4,3,3,3,3,3,2,2,3,4,4,4,4,3,3,3,3,4,4,4,4,4,4,4,4,3,3,4,3,3
59,Dubai Scholars Private School,3,3,3,5,5,5,5,4,5,5,5,4,5,5,5,3,3,3,3,3,3,3,3,4,4,4,4,4,4,4,4,4,4,4,4,4,4,4,4,4,3,4,4,3
60,Elite English School,2,2,2,3,3,3,4,3,3,3,3,3,3,3,3,2,2,2,3,2,2,2,2,2,2,2,2,2,2,2,2,3,3,3,3,3,3,3,3,2,2,3,2,2
61,Emirates International private School L.L.C,3,3,3,5,5,5,5,4,4,4,5,4,4,5,5,4,3,3,4,4,3,3,4,4,4,4,5,4,3,3,5,3,3,3,3,4,4,4,5,3,4,4,3,4
62,Emirates International School (Meadows),3,3,3,4,4,5,5,4,4,4,4,4,4,5,5,3,3,4,4,3,4,4,5,3,3,4,5,3,3,4,5,4,4,4,4,5,5,5,5,3,3,4,3,3
63,English Language Private School,1,2,2,3,3,3,3,3,3,3,3,2,2,3,3,2,2,2,2,2,2,2,2,2,2,2,2,2,2,2,2,2,2,2,2,2,2,2,2,2,2,2,2,2
64,Foremarke School,3,4,4,5,5,5,5,3,4,4,3,3,4,4,3,4,4,4,4,3,4,4,4,4,4,4,4,4,4,4,4,5,5,5,5,4,4,4,4,3,4,5,4,5
66,Gems Al Barsha National School For Girls,,,3,,,,,,,,,,,,,,,,,,,,,,,,,,,,,,,,,,,,,,,,,
67,GEMS Dubai American Academy,5,5,5,5,5,5,5,5,5,5,5,5,5,5,5,5,4,5,5,5,5,5,5,5,5,5,5,5,5,5,5,5,5,5,5,5,5,5,5,5,5,5,4,5
68,Gems FirstPoint School,3,3,3,5,5,5,5,4,3,3,3,4,4,4,4,3,4,3,3,4,4,4,3,4,4,4,4,4,4,4,4,5,5,5,5,4,4,4,4,4,3,3,3,5
69,GEMS Founders School,,,3,,,,,,,,,,,,,,,,,,,,,,,,,,,,,,,,,,,,,,,,,
70,GEMS Heritage  Indian School,,,3,,,,,,,,,,,,,,,,,,,,,,,,,,,,,,,,,,,,,,,,,
71,GEMS International School- Al Khail,3,3,3,5,4,4,4,4,3,3,3,4,4,4,4,4,3,3,3,4,3,3,3,4,4,3,3,4,3,3,3,5,5,4,5,3,3,3,3,3,3,4,3,4
72,GEMS Jumeirah Primary School,5,5,5,5,5,,,5,5,,,5,5,,,5,5,,,5,5,,,5,5,,,5,5,,,5,5,,,5,5,,,5,5,5,5,5
73,GEMS Metropole School-,2,2,2,3,3,3,3,3,3,3,3,2,3,3,3,2,2,2,2,2,2,2,2,2,3,3,2,2,2,2,2,4,4,4,4,3,3,3,3,3,2,4,2,3
74,GEMS Modern Academy,5,5,5,5,5,5,5,5,5,5,5,5,5,5,5,5,5,5,5,5,5,5,5,5,5,5,5,5,5,5,5,5,5,5,5,5,5,5,5,5,5,5,5,5
75,GEMS New Millennium School L.L.C,3,3,3,5,4,5,5,4,4,4,4,5,5,5,5,4,3,3,3,4,3,3,3,4,4,4,4,4,4,4,4,5,5,5,5,4,4,4,4,4,3,5,4,5
76,GEMS Our Own English High School,4,4,4,5,5,5,5,4,5,5,5,4,5,5,5,3,3,4,5,3,3,4,4,4,4,4,5,3,4,4,5,5,5,5,5,4,3,4,4,4,4,5,4,4
77,GEMS Our Own Indian School,3,3,3,5,5,5,5,4,5,5,5,4,5,5,5,3,3,3,4,3,3,4,4,4,4,4,4,3,3,3,4,4,4,4,4,4,4,4,4,4,3,4,3,2
78,GEMS Royal Dubai School,5,5,5,5,5,,,5,5,,,5,5,,,5,4,,,5,5,,,5,5,,,5,5,,,5,5,,,5,5,,,5,5,5,5,5
31,GEMS United School,3,3,3,5,5,5,5,3,3,3,3,3,3,3,3,4,3,3,3,4,3,3,3,3,3,3,3,3,3,3,3,5,5,5,5,4,4,4,4,3,3,4,3,5
79,GEMS Wellington Academy (Branch),4,4,4,5,5,5,5,5,5,5,5,5,5,5,5,5,4,4,4,5,4,4,4,5,5,5,5,5,5,5,5,5,5,5,5,5,5,5,5,4,4,5,5,5
80,GEMS Wellington Academy- Al Khail,3,3,3,5,4,4,4,4,4,4,4,4,4,4,4,4,3,3,3,4,3,3,3,4,3,3,3,4,4,4,4,4,4,4,4,4,4,4,4,4,3,4,3,4
81,GEMS Wellington International School,5,5,5,5,5,5,5,5,5,5,5,5,5,5,5,5,4,4,5,5,4,4,5,5,5,5,5,5,5,5,5,5,5,5,5,5,5,5,5,5,5,5,5,5
82,GEMS Wellington Primary School,4,4,4,5,5,,,4,5,,,4,4,,,4,4,,,4,4,,,5,5,,,4,4,,,5,5,,,5,5,,,4,4,5,4,5
83,GEMS Winchester School,2,2,2,3,3,3,3,3,4,4,3,3,3,3,3,2,2,2,2,2,2,2,2,2,3,3,3,3,2,2,2,4,4,4,4,2,2,2,2,2,3,3,2,2
84,GEMS World Academy,3,4,4,5,5,4,5,5,4,4,4,5,5,5,5,5,5,4,4,5,5,4,4,5,5,5,5,5,4,4,4,5,5,5,5,5,5,5,5,4,4,5,4,5
85,German International School Dubai,3,3,3,5,4,4,4,4,3,3,3,3,4,4,4,4,3,3,4,3,3,3,3,4,3,3,3,4,3,3,4,5,5,5,5,4,4,4,4,3,2,3,4,3
86,Grammar School,2,2,1,2,2,2,2,2,2,2,2,2,2,2,2,1,1,1,2,2,2,2,2,1,2,2,2,2,1,1,1,2,2,2,2,2,2,2,2,1,1,2,1,1
87,GreenField Community School,3,3,3,5,5,5,5,5,4,4,4,5,4,4,5,3,3,4,3,3,3,3,3,4,4,4,5,4,3,3,5,4,4,4,4,4,4,4,5,3,3,4,3,4
88,Greenwood International School,3,3,3,4,4,4,5,5,4,4,5,4,4,4,4,3,2,3,3,3,2,3,3,3,3,3,3,3,3,3,3,5,5,5,5,3,3,3,3,3,2,4,3,3
89,Gulf Indian High School,2,2,2,4,4,4,4,3,4,5,5,3,3,3,5,3,2,2,3,3,2,2,3,3,3,3,3,3,2,2,2,4,4,4,4,3,3,3,3,2,2,3,2,2
90,Gulf Model School,1,1,1,3,3,3,3,3,2,2,3,2,2,3,3,1,1,1,2,2,1,1,1,2,1,2,2,1,1,1,1,2,2,2,2,2,2,2,2,2,1,2,2,1
91,H. H. Shaikh Rashid Al Maktoum Pakistani School,1,1,2,3,3,3,4,3,3,3,3,2,2,2,2,2,2,2,2,2,2,2,2,2,2,2,2,2,2,2,2,2,2,2,2,2,2,2,2,2,2,3,2,2
92,Hartland International School,,3,3,,,,,,,,,,,,,,,,,,,,,,,,,,,,,,,,,,,,,,,,,
93,Horizon International School - LLC,3,3,3,5,5,5,5,4,4,3,3,4,3,3,3,4,3,3,3,4,3,3,3,5,3,3,3,5,3,3,3,5,5,5,5,5,4,4,4,4,3,4,4,4
94,Horizons English School,4,4,5,5,5,,,5,5,,,5,5,,,5,5,,,5,5,,,5,5,,,5,4,,,5,5,,,5,5,,,5,5,5,5,5
95,International Academic School,1,2,2,3,3,3,3,3,3,3,3,2,2,2,3,2,2,2,2,2,2,2,2,2,3,3,2,2,2,2,2,3,3,3,3,2,2,2,2,2,2,3,2,2
96,INTERNATIONAL CONCEPT EDUCATION,3,3,2,4,4,4,0,3,3,3,0,3,3,3,0,3,3,3,0,2,2,2,0,4,4,4,0,3,3,3,0,4,4,4,0,2,2,2,0,2,2,4,2,4
97,International School of Arts & Sciences,3,3,3,5,5,5,5,4,4,4,4,4,4,4,4,3,3,3,3,3,3,3,3,3,3,3,4,3,3,3,3,5,5,5,5,4,3,3,3,3,3,3,3,4
98,International School of Creative Science,,,3,,,,,,,,,,,,,,,,,,,,,,,,,,,,,,,,,,,,,,,,,
99,Iranian Khadije Kobra School,2,2,2,,4,4,4,,3,4,4,,2,3,3,,2,3,3,,2,2,2,,2,2,2,,2,2,2,,3,3,3,,3,3,3,2,2,4,2,2
100,Iranian Salman Farsi Boys School,2,2,2,,3,3,4,,3,3,3,,3,3,3,,2,3,3,,2,2,2,,2,2,3,,3,3,3,,3,3,3,,3,3,3,2,2,4,2,2
102,Iranian Towheed Boys School,3,3,3,4,4,4,5,4,4,4,4,3,3,4,4,3,3,3,4,3,3,3,3,3,3,3,4,3,3,3,4,4,4,4,4,4,4,4,4,4,3,5,3,4
101,Iranian Towheed Girls School,2,2,2,4,5,5,5,3,4,4,4,2,3,3,3,2,3,3,3,2,2,2,2,2,2,2,2,2,2,2,2,3,3,3,3,3,3,3,4,2,2,4,2,3
103,Islamic School for Training & Education,2,2,2,3,3,4,4,4,4,4,4,3,3,3,3,2,2,2,2,2,1,1,2,2,2,2,2,2,2,2,2,2,2,2,2,2,1,1,1,2,2,2,1,2
104,Japanese School,3,3,3,4,4,4,4,3,3,3,3,3,4,4,4,3,3,3,3,3,3,3,3,3,2,2,2,2,2,2,2,3,2,2,2,2,2,2,3,3,1,5,2,3
105,Jebel Ali School,4,4,4,5,5,5,5,5,5,5,5,5,5,5,5,4,4,4,4,3,4,4,4,4,4,4,4,4,4,4,4,5,5,5,5,4,4,4,4,4,4,5,4,4
106,JSS International School LLC,3,3,3,5,5,5,5,5,5,5,5,4,4,5,5,3,3,4,4,4,3,4,4,4,3,4,4,4,4,4,4,5,5,5,5,3,3,3,3,4,4,4,4,4
107,JSS PRIVATE SCHOOL LLC,3,3,3,4,4,4,5,5,5,5,5,4,4,4,4,4,3,3,4,4,2,3,3,4,3,3,3,4,3,3,4,4,4,4,4,4,3,3,4,4,3,4,3,3
108,Jumeira Baccalaureate School,3,4,4,5,5,5,5,4,4,5,5,5,5,5,5,4,4,4,4,4,4,4,4,4,4,4,5,4,5,5,5,5,5,5,5,5,5,5,5,4,4,5,5,5
109,Jumeirah College,5,5,5,,,,5,,,,5,,,,5,,,,5,,,,5,,,,5,,,,5,,,,4,,,,4,5,5,5,5,5
110,Jumeirah English Speaking School,5,5,5,5,5,0,0,5,5,0,0,5,5,0,0,5,5,0,0,5,5,0,0,5,5,0,0,5,5,0,0,5,5,0,0,5,5,0,0,5,5,5,4,5
111,Jumeirah English Speaking School (Br),5,4,5,5,5,5,5,5,5,5,5,5,5,5,5,5,5,5,5,5,5,5,5,5,5,5,5,5,5,5,5,5,5,5,5,5,5,5,5,5,5,5,5,5
113,Kent College Dubai,,,3,,,,,,,,,,,,,,,,,,,,,,,,,,,,,,,,,,,,,,,,,
114,Kings School Al Barsha,3,4,5,5,5,5,5,5,5,5,5,5,5,5,5,5,5,5,5,5,5,5,5,5,5,5,5,5,5,5,5,5,5,5,5,5,5,5,5,5,5,5,5,5
115,Kings school Dubai,5,5,5,5,5,,,5,5,,,5,5,,,5,5,,,5,5,,,5,5,,,5,5,,,5,5,,,5,5,,,5,5,5,5,5
116,Kings School Nad Al Sheba,3,3,4,5,5,0,0,4,4,0,0,4,4,0,0,4,4,0,0,4,4,0,0,5,4,0,0,5,4,0,0,5,5,0,0,4,4,0,0,4,4,4,4,5
117,Little Flowers English school,2,2,2,4,4,4,,3,3,3,,3,3,3,,2,2,2,,2,2,2,,2,2,2,,2,2,2,,4,4,4,,3,3,3,,2,1,3,2,2
118,Lycee Francais International,3,4,4,5,5,5,5,4,4,4,4,4,4,4,4,4,4,4,5,4,3,3,3,5,5,5,5,4,3,3,3,5,5,5,5,4,4,3,4,4,4,3,4,4
119,Lycee Francais International G. P. Primary,5,5,5,5,,,,5,,,,5,,,,5,,,,5,,,,5,,,,5,,,,5,,,,5,,,,5,5,5,5,5
120,Lycee Francais International G. P. School ,5,5,4,0,5,4,5,0,5,3,3,0,3,3,4,0,5,5,5,0,4,4,5,0,4,5,4,0,4,3,3,0,5,5,5,0,5,5,5,5,4,5,4,5
121,Lycee Libanais Francophone Prive-Dubai,4,4,4,5,5,5,5,4,4,4,4,4,4,4,4,5,4,4,4,5,4,4,4,5,4,5,5,5,4,4,4,5,5,5,5,5,5,5,5,5,4,4,4,4
122,Mirdif Private School,2,3,3,4,4,4,,4,4,5,,3,3,3,,3,3,3,,3,2,2,,3,3,3,,3,3,3,,4,4,4,,3,3,3,,3,3,4,3,4
123,Modern Skills School,2,2,2,4,3,3,4,4,4,4,5,3,3,3,4,2,2,2,3,3,2,2,2,3,3,3,3,2,2,2,2,3,3,3,3,3,3,3,3,2,2,3,3,2
3,MSB Private School,3,3,3,4,4,4,5,4,4,4,4,4,4,4,4,3,3,3,4,4,4,4,4,4,4,4,4,4,4,4,4,5,5,5,5,4,4,4,4,4,4,5,4,3
124,National Charity School-Boys and Girls,2,2,2,,4,4,4,,5,5,5,,3,3,4,,2,2,2,,1,1,1,,2,2,2,,2,2,2,,3,3,3,,3,3,3,2,1,3,2,2
125,New Academy School,2,2,2,4,3,3,3,4,4,3,4,3,2,2,3,3,2,2,2,3,2,2,2,3,2,2,2,3,2,2,2,3,3,3,3,3,2,2,2,2,2,2,2,2
126,New Indian Model School,2,2,2,5,5,5,5,5,5,5,5,5,4,4,5,3,2,3,3,4,3,3,3,4,2,3,3,3,3,3,3,3,3,3,3,4,3,3,3,3,2,3,2,2
127,New World  School Private,2,2,2,3,3,3,2,4,4,4,4,3,2,2,2,2,2,2,2,3,2,2,2,3,2,2,2,2,1,1,1,3,2,2,2,3,2,2,2,2,2,2,2,2
128,Next Generation School,,,2,,,,,,,,,,,,,,,,,,,,,,,,,,,,,,,,,,,,,,,,,
129,Nord Anglia International School,3,4,4,5,5,5,5,5,5,5,5,5,5,5,5,5,4,4,4,5,4,4,4,5,5,5,5,5,5,5,5,5,5,5,5,5,5,5,5,4,5,5,4,5
130,North American International School,2,2,2,4,3,3,3,3,3,3,3,3,3,3,3,3,3,2,3,3,3,2,3,3,3,3,3,3,2,2,2,3,3,3,3,3,3,3,3,2,2,3,3,3
131,Oaktree Primary School,,,2,,,,,,,,,,,,,,,,,,,,,,,,,,,,,,,,,,,,,,,,,
132,Our Own High School,3,3,3,,5,5,5,,5,5,5,,5,5,5,,3,3,4,,3,3,3,,4,4,4,,3,3,4,,5,5,5,,4,4,4,4,3,4,3,3
133,Oxford School,2,2,2,3,3,3,4,3,3,3,4,3,3,3,4,2,2,2,3,2,3,3,3,3,3,3,3,2,2,2,3,3,3,3,3,3,2,2,3,3,2,3,3,2
134,Pakistan Educational Academy,2,2,1,3,3,3,3,3,3,3,3,2,2,2,2,3,2,2,2,3,1,1,1,3,2,2,2,3,2,2,2,2,2,2,2,3,2,2,2,1,1,2,1,1
135,Philadelphia Private School,2,2,2,3,4,3,3,3,3,3,3,3,3,3,3,3,3,2,2,3,3,2,2,3,3,3,3,3,2,2,2,4,4,4,4,3,2,2,3,3,2,3,2,2
140,Primus Private School LLC,3,3,3,5,5,5,5,4,3,3,4,3,4,4,4,2,3,3,3,2,3,3,3,3,3,3,3,3,3,3,3,5,5,5,5,4,4,4,4,3,3,4,4,4
136,Pristine Private School,3,3,3,5,5,5,5,5,5,5,5,5,5,5,5,4,3,4,4,5,4,3,3,5,4,3,4,5,3,3,3,5,5,5,5,4,3,3,4,4,4,4,3,3
137,Queen International School,3,3,2,3,4,4,4,5,4,4,4,3,3,3,3,2,2,2,3,2,2,2,2,1,1,1,2,1,1,1,1,2,2,2,2,2,2,2,2,2,1,2,1,2
138,Raffles International School -Um Suqeim South BR,3,3,4,5,5,5,5,5,4,4,4,5,5,5,5,4,4,4,4,4,4,4,4,4,4,4,4,4,4,4,4,5,5,5,5,4,4,4,4,4,4,5,4,5
139,Raffles World Academy,3,4,4,5,5,5,5,5,5,5,5,5,5,5,5,4,4,4,4,4,4,4,4,5,5,4,5,4,4,4,4,5,5,5,5,5,5,5,5,4,4,5,5,5
141,Ranches Primary School,,3,4,,,,,,,,,,,,,,,,,,,,,,,,,,,,,,,,,,,,,,,,,
142,Regent International Private School,3,3,4,5,5,5,0,4,3,3,0,5,4,4,0,5,4,4,0,5,4,4,0,5,5,5,0,5,4,4,0,5,5,5,0,5,5,5,0,4,4,4,3,4
143,Repton School,5,5,5,5,5,5,5,5,5,5,5,5,5,5,5,5,5,5,5,5,5,5,5,5,5,5,5,5,5,5,5,5,5,5,5,5,5,5,5,5,5,5,4,5
144,Russian International School,3,3,3,3,4,4,4,3,3,3,3,3,3,4,4,3,3,3,4,3,3,3,3,3,3,4,4,2,3,4,4,3,3,3,3,3,3,3,3,3,3,4,3,3
145,Sabari Indian School LLC,2,2,2,3,3,3,3,3,3,3,3,2,2,2,2,2,2,2,2,2,2,2,2,3,2,2,1,2,2,2,2,4,4,4,4,3,2,2,2,2,2,3,3,3
19,Safa British School,3,3,3,5,5,,,3,3,,,5,5,,,3,3,,,4,4,,,3,3,,,3,3,,,5,5,,,4,4,,,4,3,5,4,4
146,Safa Community School,3,4,4,5,5,5,5,4,4,4,4,4,4,4,4,4,4,4,4,4,4,4,4,4,4,4,4,4,4,4,4,5,5,5,5,4,4,4,4,4,4,5,4,5
147,Sharjah American International Private school,2,2,3,4,3,4,4,3,3,3,4,4,3,3,4,3,3,3,3,3,3,3,3,3,3,4,3,3,3,3,3,3,3,3,3,3,3,3,3,3,3,4,3,3
148,Sheikh Rashid Bin Saeed Islamic Institute,3,3,3,,,4,5,,,4,4,,,3,4,,,3,3,,,3,3,,,3,3,,,3,3,,,5,5,,,3,3,3,3,4,3,3
149,Smart Vision School,,,2,,,,,,,,,,,,,,,,,,,,,,,,,,,,,,,,,,,,,,,,,
150,Springdales School LLC,2,3,3,5,4,4,4,3,3,3,3,4,4,4,4,3,3,3,3,3,3,3,3,3,3,3,3,3,3,3,3,5,5,5,5,4,4,4,4,3,3,4,3,4
151,St. Mary Catholic High School Dubai - Al Muhaisnah,,2,2,,,,,,,,,,,,,,,,,,,,,,,,,,,,,,,,,,,,,,,,,
152,St. Mary Catholic High School-Dubai,3,3,3,,4,4,5,,4,4,4,,3,3,4,,3,3,3,,3,3,3,,3,3,4,,3,3,3,,3,3,3,,3,3,3,4,3,4,3,3
153,Star International School,3,2,2,4,4,4,4,3,3,3,4,3,3,3,4,3,2,2,3,3,2,2,3,4,3,3,3,4,3,3,3,4,4,4,4,4,3,3,3,2,2,4,3,3
154,Star International School ( Branch ),2,3,3,4,4,,,3,4,,,3,3,,,3,3,,,3,3,,,4,4,,,3,3,,,4,4,,,3,3,,,3,3,4,3,4
155,Sunmarke School,3,3,4,5,5,5,5,4,4,4,4,5,5,5,4,4,4,4,4,4,4,4,4,5,5,5,4,5,4,4,4,5,5,5,5,5,4,4,4,4,4,5,3,4
156,Swiss International Scientific School,,2,3,,,,,,,,,,,,,,,,,,,,,,,,,,,,,,,,,,,,,,,,,
157,The Arcadia Preparatory School,,,3,,,,,,,,,,,,,,,,,,,,,,,,,,,,,,,,,,,,,,,,,
158,The Central School,2,2,2,4,3,4,5,4,4,4,5,4,3,4,4,2,2,2,3,2,2,2,2,2,2,2,3,2,2,2,3,3,3,3,3,3,2,2,3,2,2,2,2,2
160,The City School International Private,2,3,3,3,3,3,4,3,4,4,4,3,3,3,4,3,3,3,3,3,3,3,3,3,3,3,4,3,3,3,3,3,3,3,3,3,3,3,3,3,3,3,2,2
161,The English College Dubai,3,3,3,5,5,5,5,4,4,4,4,4,4,4,5,3,4,4,4,3,3,3,4,3,4,4,4,4,4,4,4,4,4,4,4,5,5,5,5,3,4,4,3,3
162,The Indian Academy,3,3,3,4,4,4,4,4,4,4,4,3,3,4,4,3,2,3,3,3,3,3,3,3,3,3,3,3,3,3,3,4,4,4,4,3,3,3,3,3,3,3,2,3
163,The Indian High School,5,4,4,,,5,5,,,5,5,,,5,5,,,3,4,,,3,4,,,5,5,,,3,4,,,5,5,,,4,5,5,4,5,4,4
164,The Indian High School-Branch,3,3,3,5,5,,,5,5,,,5,5,,,3,3,,,3,4,,,4,4,,,4,3,,,5,5,,,3,3,,,3,3,5,4,3
165,The Indian International School (DSO Branch),2,2,2,4,4,4,4,4,3,3,3,4,4,4,4,3,2,3,3,3,2,2,2,4,3,3,3,3,2,2,3,4,4,4,4,3,3,3,3,2,2,3,2,3
166,The International School of Choueifat,2,2,2,2,2,3,4,2,3,3,3,2,2,3,3,2,2,2,3,2,2,2,3,2,2,2,3,2,2,2,2,3,3,3,3,2,2,2,2,3,2,1,1,2
167,The International School of Choueifat - Branch,2,2,2,3,3,4,4,3,3,3,3,2,2,2,2,2,2,2,3,1,1,1,2,2,2,2,2,1,1,1,1,3,3,3,3,2,2,2,2,2,1,1,1,2
168,The Kindergarten Starters,3,3,3,5,5,,,4,4,,,5,5,,,3,3,,,3,3,,,4,4,,,4,4,,,4,4,,,3,3,,,4,3,5,3,4
169,The Millenium School,4,4,4,5,5,5,5,5,5,5,5,5,5,5,5,5,4,4,4,5,4,4,4,5,5,5,5,5,5,5,5,5,5,5,5,5,5,4,4,5,4,5,5,4
170,The Philippine School,1,1,1,3,3,4,4,3,3,3,3,3,3,3,3,2,1,2,2,1,1,1,1,1,2,2,2,2,2,2,2,2,2,2,2,2,2,2,2,1,1,3,2,2
171,The School of Research Science,4,4,3,5,5,5,4,5,5,5,5,5,5,5,5,5,4,4,3,5,5,5,4,5,5,5,4,5,5,5,5,5,5,5,5,5,5,5,5,3,3,4,3,5
172,The Sheffield Private School,3,3,3,4,4,4,4,3,3,3,3,4,4,4,4,3,3,3,3,3,3,3,3,4,4,4,4,3,3,3,3,5,5,5,5,4,4,4,4,4,3,4,3,3
173,The Westminster School,3,3,3,5,5,5,4,5,5,5,5,4,5,5,5,3,3,3,3,3,2,2,2,3,3,3,3,4,4,4,4,3,3,3,3,4,3,3,3,3,2,4,3,3
174,The Winchester School,4,4,4,5,5,5,5,5,5,5,5,5,5,5,5,4,4,4,4,4,4,4,4,5,4,4,4,5,5,5,5,5,5,5,5,5,4,4,4,4,4,5,4,4
175,United International Private School,3,3,3,5,4,5,5,4,5,5,5,4,5,5,5,3,3,3,3,2,2,2,2,3,3,3,3,3,3,3,3,3,3,3,3,3,3,3,4,3,2,4,2,3
176,Universal American School - Branch,3,4,4,5,5,5,5,5,5,5,5,5,5,5,5,4,4,3,3,4,4,4,4,5,4,4,4,4,4,4,3,5,5,5,5,4,4,4,3,4,4,5,4,5
177,Uptown School,4,4,4,5,5,5,5,5,5,5,5,5,5,5,5,4,4,4,4,4,4,4,4,5,5,5,5,5,5,5,5,5,5,5,5,5,5,5,5,4,4,5,5,5
178,Victory Heights Primary School,3,4,4,5,5,,,4,4,,,5,5,,,5,4,,,5,4,,,5,4,,,5,4,,,5,5,,,5,4,,,5,4,5,4,5